data;horario;n_da_ocorrencia;tipo_de_ocorrencia;km;trecho;sentido;tipo_de_acidente;automovel;bicicleta;caminhao;moto;onibus;outros;tracao_animal;transporte_de_cargas_especiais;trator_maquinas;utilitarios;ilesos;levemente_feridos;moderadamente_feridos;gravemente_feridos;mortos
"06/08/2025";"10:53:00";"142";"Sem vítima";"297,000";"BR-376/PR";"Decrescente";"Colisão lateral em sentido contrário";1;0;0;1;0;0;0;0;0;0;0;0;0;0;0
"06/08/2025";"19:33:00";"227";"Sem vítima";"461,000";"BR-376/PR";"Decrescente";"Choque";1;0;0;0;0;0;0;0;0;0;0;0;0;0;0
"07/08/2025";"01:09:00";"5";"Sem vítima";"336,000";"BR-376/PR";"Crescente";"Tombamento";0;0;0;0;0;0;0;0;0;0;0;0;0;0;0
"07/08/2025";"12:12:00";"158";"Com vítima";"195,000";"BR-369/PR";"Crescente";"Colisão traseira";0;0;1;1;0;0;0;0;0;0;1;1;0;0;0
"07/08/2025";"17:29:00";"231";"Sem vítima";"421,000";"BR-376/PR";"Decrescente";"Capotamento";1;0;0;0;0;0;0;0;0;0;1;0;0;0;0
"08/08/2025";"01:08:00";"5";"Com vítima";"538,000";"BR-376/PR";"Crescente";"Choque";0;0;1;0;0;0;0;0;0;0;0;1;0;0;0
"08/08/2025";"09:40:00";"92";"Com vítima";"435,000";"BR-376/PR";"Crescente";"Colisão traseira";0;0;0;0;0;0;0;2;0;0;2;0;1;0;0
"08/08/2025";"17:14:00";"174";"Com vítima";"198,000";"BR-369/PR";"Decrescente";"Engavetamento";3;0;0;0;0;0;0;0;0;0;3;1;0;0;0
"08/08/2025";"18:00:00";"179";"Sem vítima";"492,200";"BR-376/PR";"Crescente";"Colisão traseira";0;0;1;0;0;0;0;0;0;0;1;0;0;0;0
"09/08/2025";"08:45:00";"62";"Com vítima";"232,500";"BR-376/PR";"Crescente";"Acidentes de outra natureza";0;0;0;1;0;0;0;0;0;0;0;1;0;0;0
"09/08/2025";"09:37:00";"78";"Sem vítima";"232,000";"BR-376/PR";"Crescente";"Acidentes de outra natureza";0;0;0;0;0;0;0;0;0;1;0;0;0;0;0
"09/08/2025";"11:12:00";"104";"Sem vítima";"457,000";"BR-376/PR";"Decrescente";"Acidentes de outra natureza";1;0;0;0;0;0;0;0;0;0;0;0;0;0;0
"09/08/2025";"11:37:00";"111";"Sem vítima";"490,000";"BR-376/PR";"Crescente";"Engavetamento";4;0;0;0;0;0;0;0;0;0;0;0;0;0;0
"09/08/2025";"11:51:00";"114";"Sem vítima";"204,000";"BR-376/PR";"Decrescente";"Choque";1;0;0;0;0;0;0;0;0;0;2;0;0;0;0
"09/08/2025";"11:57:00";"115";"Sem vítima";"497,000";"BR-376/PR";"Decrescente";"Colisão traseira";1;0;1;0;0;0;0;0;0;0;2;0;0;0;0
"09/08/2025";"18:14:00";"164";"Sem vítima";"497,000";"BR-376/PR";"Decrescente";"Engavetamento";3;0;0;0;0;0;0;0;0;0;0;0;0;0;0
"09/08/2025";"21:36:00";"195";"Com vítima";"191,000";"BR-369/PR";"Crescente";"Engavetamento";0;0;0;3;0;0;0;0;0;0;0;0;2;0;0
"09/08/2025";"23:06:00";"210";"Com vítima";"419,000";"BR-376/PR";"Decrescente";"Choque";1;0;0;0;0;0;0;0;0;0;0;1;0;0;0
"10/08/2025";"06:16:00";"19";"Com vítima";"252,000";"BR-376/PR";"Decrescente";"Choque";1;0;0;0;0;0;0;0;0;0;0;1;0;0;0
"10/08/2025";"08:15:00";"38";"Sem vítima";"289,000";"BR-376/PR";"Crescente";"Capotamento";1;0;0;0;0;0;0;0;0;0;0;0;0;0;0
"10/08/2025";"13:58:00";"105";"Com vítima";"192,400";"BR-369/PR";"Decrescente";"Capotamento";1;0;0;0;0;0;0;0;0;0;0;2;1;0;0
"10/08/2025";"17:10:00";"131";"Sem vítima";"239,000";"BR-376/PR";"Decrescente";"Colisão traseira";0;0;0;0;0;0;0;0;0;2;0;0;0;0;0
"10/08/2025";"19:35:00";"151";"Sem vítima";"261,000";"BR-376/PR";"Crescente";"Choque";1;0;0;0;0;0;0;0;0;0;0;0;0;0;0
"10/08/2025";"20:19:00";"156";"Sem vítima";"362,000";"BR-376/PR";"Decrescente";"Choque";1;0;0;0;0;0;0;0;0;0;0;0;0;0;0
"11/08/2025";"00:33:00";"1";"Sem vítima";"464,000";"BR-376/PR";"Crescente";"Choque";0;0;1;0;0;0;0;0;0;0;0;0;0;0;0
"11/08/2025";"01:24:00";"3";"Com vítima";"73,000";"445/PR";"Decrescente";"Acidentes de outra natureza";0;0;0;1;0;0;0;0;0;0;0;1;0;0;0
"11/08/2025";"16:45:00";"157";"Com vítima";"116,000";"170/PR";"Decrescente";"Choque";1;0;0;0;0;0;0;0;0;0;0;1;0;0;0
"11/08/2025";"18:37:00";"217";"Sem vítima";"77,800";"445/PR";"Crescente";"Colisão traseira";0;0;0;1;0;0;0;0;0;1;0;0;0;0;0
"11/08/2025";"20:05:00";"229";"Com vítima";"50,000";"445/PR";"Crescente";"Atropelamento de pedestre";0;0;0;0;0;0;0;0;0;1;0;0;2;0;0
"11/08/2025";"20:10:00";"231";"Sem vítima";"0,000";"445/PR";"Decrescente";"Choque";1;0;0;0;0;0;0;0;0;0;0;0;0;0;0
"12/08/2025";"04:57:00";"29";"Sem vítima";"269,000";"BR-376/PR";"Decrescente";"Choque";0;0;1;0;0;0;0;0;0;0;1;0;0;0;0
"12/08/2025";"09:15:00";"97";"Com vítima";"187,000";"BR-369/PR";"Decrescente";"Colisão traseira";1;0;0;1;0;0;0;0;0;0;1;1;0;0;0
"12/08/2025";"11:14:00";"135";"Com vítima";"528,000";"BR-376/PR";"Crescente";"Colisão traseira";0;0;2;0;0;0;0;0;0;0;1;1;0;0;0
"12/08/2025";"16:19:00";"179";"Sem vítima";"352,000";"BR-376/PR";"Decrescente";"Atropelamento de pedestre";0;0;0;0;0;0;0;0;0;1;1;0;0;0;0
"12/08/2025";"18:27:00";"204";"Com vítima";"187,000";"BR-369/PR";"Decrescente";"Colisão transversal";0;0;1;1;0;0;0;0;0;0;0;2;0;0;0
"13/08/2025";"08:09:00";"62";"Sem vítima";"243,000";"BR-376/PR";"Crescente";"Colisão traseira";0;0;2;0;0;0;0;0;0;0;2;0;0;0;0
"13/08/2025";"10:43:00";"117";"Sem vítima";"73,000";"445/PR";"Decrescente";"Choque";1;0;0;0;0;1;0;0;0;0;1;0;0;0;0
"13/08/2025";"11:04:00";"119";"Sem vítima";"531,300";"BR-376/PR";"Crescente";"Engavetamento";0;0;2;0;0;0;0;0;0;0;0;0;0;0;0
"13/08/2025";"17:41:00";"188";"Com vítima";"77,000";"445/PR";"Decrescente";"Engavetamento";1;0;0;1;0;0;0;0;0;0;0;0;1;0;0
"13/08/2025";"18:42:00";"197";"Com vítima";"78,000";"445/PR";"Crescente";"Engavetamento";3;0;0;1;0;0;0;0;0;0;0;1;0;0;0
"14/08/2025";"07:02:00";"28";"Com vítima";"502,000";"BR-376/PR";"Crescente";"Colisão lateral em sentido contrário";1;0;0;0;0;0;0;0;0;0;0;1;0;0;0
"14/08/2025";"08:03:00";"57";"Sem vítima";"440,000";"BR-376/PR";"Decrescente";"Queda de carga";0;0;1;0;0;0;0;0;0;0;0;0;0;0;0
"14/08/2025";"09:30:00";"81";"Sem vítima";"490,300";"BR-376/PR";"Decrescente";"Colisão traseira";2;0;0;0;0;0;0;0;0;0;0;0;0;0;0
"14/08/2025";"09:59:00";"89";"Sem vítima";"191,000";"BR-369/PR";"Crescente";"Colisão lateral em sentido contrário";1;0;0;0;0;0;0;0;0;0;1;0;0;0;0
"14/08/2025";"10:48:00";"124";"Com vítima";"262,000";"BR-376/PR";"Decrescente";"Tombamento";0;0;0;0;0;0;0;1;0;0;0;0;1;0;0
"14/08/2025";"16:38:00";"137";"Com vítima";"490,000";"BR-376/PR";"Decrescente";"Colisão lateral em sentido contrário";1;0;1;0;0;0;0;0;0;0;1;1;0;0;0
"14/08/2025";"17:30:00";"210";"Com vítima";"194,000";"BR-369/PR";"Crescente";"Choque";1;0;0;0;0;0;0;0;0;0;0;0;1;0;0
"14/08/2025";"18:37:00";"222";"Sem vítima";"82,000";"445/PR";"Crescente";"Colisão traseira";2;0;0;0;0;0;0;0;0;0;0;0;0;0;0
"14/08/2025";"20:59:00";"254";"Com vítima";"498,000";"BR-376/PR";"Decrescente";"Capotamento";1;0;0;0;0;0;0;0;0;0;0;1;0;0;0
"15/08/2025";"00:00:00";"291";"Sem vítima";"165,000";"BR-373/PR";"Crescente";"Colisão lateral em sentido contrário";2;0;0;0;0;0;0;0;0;0;2;0;0;0;0
"16/08/2025";"22:15:00";"226";"Sem vítima";"457,000";"BR-376/PR";"Decrescente";"Acidentes de outra natureza";0;0;0;0;0;1;0;0;0;1;1;0;0;0;0
"17/08/2025";"02:18:00";"10";"Com vítima";"502,000";"BR-376/PR";"Decrescente";"Colisão traseira";0;0;1;1;0;0;0;0;0;0;1;1;0;0;0
"17/08/2025";"08:13:00";"50";"Com vítima";"435,000";"BR-376/PR";"Decrescente";"Colisão frontal";1;0;1;0;0;0;0;0;0;0;0;0;0;2;0
"17/08/2025";"23:00:00";"198";"Sem vítima";"316,000";"BR-376/PR";"Crescente";"Acidentes de outra natureza";1;0;0;0;0;0;0;0;0;0;2;0;0;0;0
"18/08/2025";"07:56:00";"57";"Sem vítima";"77,000";"445/PR";"Crescente";"Engavetamento";2;0;1;0;0;0;0;0;0;0;3;0;0;0;0
"18/08/2025";"15:25:00";"197";"Com vítima";"279,500";"BR-376/PR";"Crescente";"Choque";1;0;0;0;0;0;0;0;0;0;0;2;0;0;0
"18/08/2025";"17:09:00";"223";"Com vítima";"308,000";"BR-376/PR";"Decrescente";"Tombamento";0;0;1;0;0;0;0;0;0;0;0;1;0;0;0
"19/08/2025";"02:18:00";"14";"Com vítima";"191,000";"BR-369/PR";"Decrescente";"Colisão lateral em sentido contrário";1;0;0;1;0;0;0;0;0;0;0;0;1;0;0
"19/08/2025";"14:36:00";"185";"Sem vítima";"530,000";"BR-376/PR";"Decrescente";"Engavetamento";0;0;3;0;0;0;0;0;0;0;0;0;0;0;0
"19/08/2025";"19:23:00";"250";"Com vítima";"84,000";"445/PR";"Decrescente";"Atropelamento de pedestre";0;0;0;1;0;0;0;0;0;0;0;2;0;1;0
"19/08/2025";"23:45:00";"282";"Com vítima";"30,800";"323/PR";"Crescente";"Colisão frontal";0;0;0;0;0;0;0;1;0;1;0;1;0;1;0
"20/08/2025";"00:22:00";"3";"Sem vítima";"382,000";"BR-376/PR";"Crescente";"Choque";0;0;1;0;0;0;0;0;0;0;1;0;0;0;0
"20/08/2025";"03:04:00";"15";"Sem vítima";"538,000";"BR-376/PR";"Decrescente";"Colisão traseira";0;0;1;0;0;0;0;1;0;0;1;0;0;0;0
"20/08/2025";"07:06:00";"31";"Com vítima";"349,000";"BR-376/PR";"Decrescente";"Choque";0;0;1;0;0;0;0;0;0;0;0;1;0;0;0
"20/08/2025";"08:12:00";"58";"Sem vítima";"258,000";"BR-376/PR";"Decrescente";"Choque";1;0;0;0;0;0;0;0;0;0;2;0;0;0;0
"20/08/2025";"09:13:00";"75";"Sem vítima";"440,000";"BR-376/PR";"Crescente";"Choque";1;0;0;0;0;0;0;0;0;0;0;0;0;0;0
"20/08/2025";"09:17:00";"79";"Com vítima";"451,000";"BR-376/PR";"Crescente";"Tombamento";0;0;1;0;0;0;0;0;0;0;0;1;0;0;0
"20/08/2025";"09:45:00";"86";"Sem vítima";"437,000";"BR-376/PR";"Crescente";"Choque";1;0;0;0;0;0;0;0;0;0;0;0;0;0;0
"20/08/2025";"10:06:00";"95";"Com vítima";"74,300";"445/PR";"Decrescente";"Acidentes de outra natureza";0;0;0;1;0;0;0;0;0;0;0;1;0;0;0
"20/08/2025";"10:42:00";"104";"Sem vítima";"321,000";"BR-376/PR";"Crescente";"Acidentes de outra natureza";0;0;0;1;0;0;0;0;0;0;0;0;0;0;0
"20/08/2025";"10:54:00";"107";"Sem vítima";"526,000";"BR-376/PR";"Decrescente";"Colisão lateral em sentido contrário";1;0;0;0;0;0;0;0;0;0;1;0;0;0;0
"20/08/2025";"19:30:00";"190";"Com vítima";"80,000";"445/PR";"Decrescente";"Engavetamento";1;0;0;0;0;0;0;0;0;0;0;1;0;0;0
"21/08/2025";"00:10:00";"2";"Com vítima";"386,000";"BR-376/PR";"Crescente";"Atropelamento de pedestre";0;0;1;0;0;0;0;0;0;0;0;0;0;0;1
"21/08/2025";"05:25:00";"31";"Sem vítima";"241,000";"BR-376/PR";"Crescente";"Atropelamento de pedestre";0;0;0;0;0;0;0;0;0;0;0;0;0;0;0
"21/08/2025";"10:37:00";"129";"Com vítima";"468,000";"BR-376/PR";"Decrescente";"Colisão traseira";1;0;0;0;0;0;0;0;0;1;1;1;0;0;0
"21/08/2025";"17:29:00";"201";"Com vítima";"379,000";"BR-376/PR";"Crescente";"Tombamento";0;0;1;0;0;0;0;0;0;0;0;1;0;0;0
"21/08/2025";"19:19:00";"217";"Sem vítima";"170,000";"BR-373/PR";"Decrescente";"Colisão lateral em sentido contrário";0;0;0;1;0;0;0;0;0;0;1;0;0;0;0
"21/08/2025";"22:23:00";"238";"Com vítima";"194,800";"BR-369/PR";"Decrescente";"Acidentes de outra natureza";0;0;0;1;0;0;0;0;0;0;0;0;1;0;0
"22/08/2025";"00:42:00";"4";"Com vítima";"197,200";"BR-369/PR";"Crescente";"Capotamento";1;0;0;0;0;0;0;0;0;0;0;1;0;0;0
"22/08/2025";"18:36:00";"218";"Sem vítima";"303,000";"BR-376/PR";"Crescente";"Tombamento";0;0;0;0;0;0;0;1;0;0;0;0;0;0;0
"22/08/2025";"18:55:00";"220";"Com vítima";"23,000";"445/PR";"Crescente";"Engavetamento";2;0;1;0;0;0;0;0;0;0;0;1;1;0;0
"22/08/2025";"19:47:00";"233";"Sem vítima";"515,000";"BR-376/PR";"Decrescente";"Queda de carga";0;0;0;1;0;0;0;0;0;0;1;0;0;0;0
"23/08/2025";"00:00:00";"144";"Com vítima";"56,000";"323/PR";"Decrescente";"Capotamento";0;0;0;0;0;0;0;0;0;1;0;0;1;0;0
"23/08/2025";"16:27:00";"158";"Com vítima";"349,000";"BR-376/PR";"Crescente";"Choque";0;0;0;1;0;0;0;0;0;0;0;1;0;0;0
"23/08/2025";"20:53:00";"203";"Com vítima";"54,000";"323/PR";"Decrescente";"Capotamento";0;0;0;0;0;0;0;0;0;1;0;1;0;0;0
"24/08/2025";"15:57:00";"188";"Sem vítima";"347,000";"BR-376/PR";"Decrescente";"Acidentes de outra natureza";0;0;1;0;0;0;0;0;0;0;0;0;0;0;0
"24/08/2025";"20:23:00";"234";"Sem vítima";"547,000";"BR-376/PR";"Decrescente";"Choque";1;0;0;0;0;0;0;0;0;0;1;0;0;0;0
"24/08/2025";"22:38:00";"248";"Com vítima";"199,000";"BR-369/PR";"Decrescente";"Choque";1;0;0;0;0;0;0;0;0;0;0;1;0;0;0
"25/08/2025";"06:00:00";"19";"Sem vítima";"526,000";"BR-376/PR";"Crescente";"Colisão traseira";1;0;0;0;0;0;0;0;0;0;0;0;0;0;0
"25/08/2025";"07:50:00";"50";"Sem vítima";"464,000";"BR-376/PR";"Crescente";"Choque";1;0;0;0;0;0;0;0;0;0;1;0;0;0;0
"25/08/2025";"08:33:00";"69";"Sem vítima";"539,000";"BR-376/PR";"Decrescente";"Colisão lateral em sentido contrário";1;0;0;0;0;0;0;1;0;0;2;0;0;0;0
"25/08/2025";"10:51:00";"111";"Com vítima";"337,000";"BR-376/PR";"Crescente";"Choque";0;0;1;0;0;0;0;0;0;0;0;1;0;0;0
"25/08/2025";"13:37:00";"154";"Sem vítima";"390,000";"BR-376/PR";"Crescente";"Colisão transversal";0;0;1;0;0;0;0;0;0;0;0;0;0;0;0
"25/08/2025";"19:00:00";"219";"Sem vítima";"449,000";"BR-376/PR";"Decrescente";"Choque";2;0;0;0;0;0;0;0;0;0;0;0;0;0;0
"25/08/2025";"19:18:00";"224";"Sem vítima";"171,900";"BR-373/PR";"Decrescente";"Choque";1;0;0;0;0;0;0;0;0;0;0;0;0;0;0
"26/08/2025";"00:00:00";"68";"Com vítima";"529,000";"BR-376/PR";"Crescente";"Choque";1;0;0;0;0;0;0;0;0;0;1;1;0;0;0
"26/08/2025";"07:02:00";"46";"Com vítima";"501,000";"BR-376/PR";"Crescente";"Choque";1;0;0;0;0;0;0;0;0;0;1;1;0;0;0
"26/08/2025";"11:43:00";"149";"Com vítima";"500,000";"BR-376/PR";"Crescente";"Colisão traseira";1;0;0;0;0;0;0;0;0;0;4;1;0;0;0
"26/08/2025";"16:58:00";"232";"Com vítima";"457,000";"BR-376/PR";"Decrescente";"Colisão traseira";0;0;1;0;0;0;0;0;0;0;0;1;0;0;0
"26/08/2025";"18:53:00";"250";"Com vítima";"80,000";"445/PR";"Decrescente";"Acidentes de outra natureza";1;0;0;1;0;0;0;0;0;0;0;1;0;0;0
"26/08/2025";"19:43:00";"266";"Sem vítima";"79,600";"445/PR";"Crescente";"Colisão frontal";1;0;0;0;0;0;0;0;0;0;0;0;0;0;0
"27/08/2025";"07:07:00";"56";"Sem vítima";"544,000";"BR-376/PR";"Decrescente";"Choque";1;0;1;0;0;0;0;0;0;0;2;0;0;0;0
"27/08/2025";"08:44:00";"100";"Com vítima";"76,500";"445/PR";"Crescente";"Colisão traseira";1;0;0;1;0;0;0;0;0;0;1;2;0;0;0
"27/08/2025";"09:14:00";"111";"Sem vítima";"421,000";"BR-376/PR";"Crescente";"Tombamento";0;0;0;0;0;0;0;1;0;0;1;0;0;0;0
"27/08/2025";"12:58:00";"172";"Sem vítima";"310,310";"BR-376/PR";"Decrescente";"Colisão lateral em sentido contrário";0;0;1;0;0;0;0;0;0;0;0;0;0;0;0
"27/08/2025";"14:18:00";"181";"Com vítima";"390,000";"BR-376/PR";"Decrescente";"Atropelamento de pedestre";0;0;1;0;0;0;0;0;0;0;1;0;1;0;0
"27/08/2025";"20:11:00";"237";"Com vítima";"28,000";"323/PR";"Decrescente";"Atropelamento de pedestre";1;0;0;0;0;0;0;0;0;0;0;1;0;0;0
"28/08/2025";"09:46:00";"115";"Sem vítima";"207,000";"BR-376/PR";"Crescente";"Colisão traseira";1;0;1;0;0;0;0;0;0;0;0;0;0;0;0
"29/08/2025";"02:16:00";"15";"Com vítima";"262,500";"BR-376/PR";"Crescente";"Choque";0;0;0;0;0;0;0;0;0;1;0;1;0;0;0
"29/08/2025";"02:58:00";"20";"Com vítima";"26,000";"323/PR";"Crescente";"Colisão lateral em sentido contrário";1;0;0;0;0;0;0;0;0;1;0;1;0;0;0
"29/08/2025";"06:18:00";"34";"Com vítima";"75,000";"445/PR";"Crescente";"Atropelamento de pedestre";0;0;0;1;0;0;0;0;0;0;0;1;0;0;0
"29/08/2025";"09:01:00";"108";"Sem vítima";"496,000";"BR-376/PR";"Decrescente";"Colisão traseira";0;0;0;0;0;0;0;0;0;1;0;0;0;0;0
"29/08/2025";"13:43:00";"182";"Com vítima";"339,000";"BR-376/PR";"Decrescente";"Colisão lateral em sentido contrário";0;0;1;1;0;0;0;0;0;0;0;1;0;1;0
"29/08/2025";"15:50:00";"213";"Sem vítima";"38,000";"445/PR";"Decrescente";"Acidentes de outra natureza";1;0;0;0;0;0;0;0;0;0;0;0;0;0;0
"29/08/2025";"18:28:00";"253";"Sem vítima";"49,000";"445/PR";"Decrescente";"Colisão traseira";2;0;0;0;0;0;0;0;0;0;0;0;0;0;0
"31/08/2025";"00:40:00";"7";"Com vítima";"14,000";"323/PR";"Crescente";"Atropelamento de pedestre";1;0;0;0;0;0;0;0;0;0;0;1;0;0;0
"31/08/2025";"01:49:00";"14";"Com vítima";"80,000";"445/PR";"Decrescente";"Capotamento";2;0;0;0;0;0;0;0;0;0;0;0;1;0;0
"31/08/2025";"04:46:00";"29";"Com vítima";"70,000";"445/PR";"Crescente";"Choque";1;0;0;0;0;0;0;0;0;0;0;1;0;0;0
"31/08/2025";"05:27:00";"32";"Com vítima";"67,000";"445/PR";"Crescente";"Colisão traseira";0;0;0;1;0;0;0;0;0;0;0;1;0;0;0
"31/08/2025";"12:15:00";"119";"Com vítima";"1,000";"445/PR";"Decrescente";"Choque";0;0;0;1;0;0;0;0;0;0;0;0;0;1;0
"31/08/2025";"18:45:00";"184";"Com vítima";"33,000";"323/PR";"Crescente";"Colisão frontal";0;0;0;1;0;0;0;0;0;1;0;0;0;0;1
"31/08/2025";"19:07:00";"189";"Com vítima";"38,000";"445/PR";"Decrescente";"Colisão frontal";0;0;0;1;0;0;0;0;0;1;1;0;0;0;1
"01/09/2025";"21:59:00";"225";"Com vítima";"50,000";"445/PR";"Decrescente";"Acidentes de outra natureza";0;0;0;1;0;0;0;0;0;0;0;0;1;0;0
"02/09/2025";"07:40:00";"51";"Com vítima";"431,000";"BR-376/PR";"Decrescente";"Tombamento";0;0;1;0;0;0;0;0;0;0;0;1;0;0;0
"02/09/2025";"17:27:00";"220";"Com vítima";"82,000";"445/PR";"Decrescente";"Engavetamento";1;0;0;1;0;0;0;0;0;0;0;1;1;0;0
"02/09/2025";"20:32:00";"242";"Com vítima";"281,000";"BR-376/PR";"Decrescente";"Acidentes de outra natureza";0;0;0;1;0;0;0;0;0;0;0;0;1;0;0
"03/09/2025";"09:57:00";"149";"Sem vítima";"508,000";"BR-376/PR";"Crescente";"Colisão traseira";0;0;1;0;0;1;0;0;0;0;2;0;0;0;0
"03/09/2025";"10:38:00";"157";"Com vítima";"500,000";"BR-376/PR";"Decrescente";"Colisão frontal";0;0;0;1;0;0;0;0;0;1;3;1;0;0;0
"03/09/2025";"11:46:00";"175";"Sem vítima";"257,000";"BR-376/PR";"Decrescente";"Colisão traseira";0;0;0;0;0;1;0;0;0;0;1;0;0;0;0
"03/09/2025";"12:09:00";"180";"Sem vítima";"213,000";"BR-376/PR";"Crescente";"Colisão lateral em sentido contrário";1;0;0;0;0;0;0;0;0;0;0;0;0;0;0
"04/09/2025";"02:57:00";"14";"Com vítima";"500,000";"BR-376/PR";"Decrescente";"Atropelamento de pedestre";1;0;0;0;0;0;0;0;0;0;0;0;1;0;0
"04/09/2025";"13:21:00";"154";"Com vítima";"385,000";"BR-376/PR";"Decrescente";"Tombamento";0;0;1;0;0;0;0;0;0;0;0;1;0;0;0
"04/09/2025";"16:51:00";"204";"Com vítima";"488,000";"BR-376/PR";"Decrescente";"Colisão traseira";0;0;0;1;0;0;0;0;0;0;0;0;1;0;0
"04/09/2025";"16:59:00";"206";"Sem vítima";"487,800";"BR-376/PR";"Decrescente";"Colisão traseira";1;0;0;0;0;0;0;0;0;0;3;0;0;0;0
"05/09/2025";"00:00:00";"164";"Com vítima";"440,000";"BR-376/PR";"Decrescente";"Colisão lateral em sentido contrário";1;0;1;0;0;0;0;0;0;0;1;1;0;0;0
"05/09/2025";"05:07:00";"32";"Sem vítima";"34,000";"323/PR";"Decrescente";"Capotamento";1;0;0;0;0;0;0;0;0;0;1;0;0;0;0
"05/09/2025";"15:56:00";"191";"Sem vítima";"237,000";"BR-376/PR";"Crescente";"Tombamento";0;0;0;0;0;0;0;1;0;0;0;0;0;0;0
"05/09/2025";"18:42:00";"216";"Com vítima";"444,100";"BR-376/PR";"Crescente";"Acidentes de outra natureza";1;0;0;0;0;0;0;0;0;0;1;1;0;0;0
"05/09/2025";"21:10:00";"241";"Sem vítima";"523,000";"BR-376/PR";"Crescente";"Colisão traseira";0;0;1;0;0;0;0;0;0;1;0;0;0;0;0
"05/09/2025";"23:21:00";"262";"Com vítima";"64,000";"445/PR";"Decrescente";"Colisão frontal";1;0;0;0;0;0;0;0;0;0;0;0;1;0;0
"05/09/2025";"23:32:00";"263";"Com vítima";"82,000";"445/PR";"Decrescente";"Acidentes de outra natureza";0;0;0;1;0;0;0;0;0;0;0;0;1;0;0
"06/09/2025";"02:26:00";"11";"Com vítima";"77,000";"445/PR";"Crescente";"Acidentes de outra natureza";0;0;0;1;0;0;0;0;0;0;0;1;0;1;0
"06/09/2025";"10:11:00";"174";"Com vítima";"430,000";"BR-376/PR";"Decrescente";"Capotamento";1;0;0;0;0;0;0;0;0;0;0;1;0;0;0
"06/09/2025";"17:26:00";"179";"Sem vítima";"538,000";"BR-376/PR";"Crescente";"Acidentes de outra natureza";0;0;2;0;0;0;0;0;0;0;1;0;0;0;0
"06/09/2025";"17:47:00";"182";"Sem vítima";"340,000";"BR-376/PR";"Decrescente";"Colisão traseira";1;0;0;0;0;0;0;0;0;0;0;0;0;0;0
"06/09/2025";"18:27:00";"192";"Sem vítima";"383,000";"BR-376/PR";"Decrescente";"Choque";1;0;0;0;0;0;0;0;0;0;0;0;0;0;0
"07/09/2025";"02:01:00";"11";"Com vítima";"86,000";"445/PR";"Decrescente";"Choque";1;0;0;0;0;0;0;0;0;0;0;1;0;0;0
"07/09/2025";"06:42:00";"22";"Com vítima";"265,400";"BR-376/PR";"Crescente";"Acidentes de outra natureza";0;0;0;1;0;0;0;0;0;0;0;1;0;0;0
"07/09/2025";"10:22:00";"85";"Com vítima";"233,000";"BR-376/PR";"Decrescente";"Choque";0;0;0;1;0;0;0;0;0;0;0;0;0;1;0
"07/09/2025";"11:30:00";"106";"Sem vítima";"330,000";"BR-376/PR";"Decrescente";"Colisão traseira";2;0;0;0;0;0;0;0;0;0;5;0;0;0;0
"07/09/2025";"11:34:00";"24";"Com vítima";"59,000";"323/PR";"Crescente";"Acidentes de outra natureza";0;0;0;1;0;0;0;0;0;0;1;0;1;0;0
"07/09/2025";"13:02:00";"118";"Sem vítima";"329,000";"BR-376/PR";"Decrescente";"Choque";1;0;0;0;0;0;0;0;0;0;0;0;0;0;0
"07/09/2025";"14:33:00";"158";"Sem vítima";"528,000";"BR-376/PR";"Decrescente";"Colisão traseira";0;0;2;0;0;0;0;0;0;0;2;0;0;0;0
"08/09/2025";"14:33:00";"175";"Sem vítima";"543,000";"BR-376/PR";"Crescente";"Choque";1;0;0;0;0;0;0;0;0;0;2;0;0;0;0
"09/09/2025";"02:40:00";"20";"Sem vítima";"500,000";"BR-376/PR";"Decrescente";"Colisão lateral em sentido contrário";1;0;0;0;0;0;0;1;0;0;0;0;0;0;0
"09/09/2025";"06:17:00";"37";"Sem vítima";"496,200";"BR-376/PR";"Crescente";"Engavetamento";4;0;0;0;0;0;0;0;0;0;3;0;0;0;0